,ID,start_time,completion_time,email,name,gender,age,start_sector,bus_frequency,bus_waiting_time,bus_avg_spending,taxi_frequency,taxi_waiting_time,taxi_avg_spending,service_freq_order,trip_avg_time,trip_avg_km,transport_energy_source,pay_more_no_gas,EV_worries,env_pay_no_more_taxi,route_pay_no_more_taxi,env_pay_no_more_bus,transport_alternatives,massive_transport_weakness
0,55,1/16/20-14:35:32,1/16/20-14:37:07,anonymous,,Hombre,18-24,Norte_de_Quito,5_o_mas_dias_a_la_semana,menos_10_minutos,0.50_cvs,No_me_movilizo_en_taxi,,,,,,,,,,,,,
1,56,1/16/20-14:36:10,1/16/20-14:37:17,anonymous,,Hombre,18-24,Valle_de_Tumbaco_y_alrededores,5_o_mas_dias_a_la_semana,10-20_minutos,1.00,No_me_movilizo_en_taxi,,,,,,,,,,,,,
2,57,1/16/20-14:38:06,1/16/20-14:38:49,anonymous,,Hombre,18-24,Norte_de_Quito,1_dia_a_la_semana,menos_10_minutos,0.50_cvs,No_me_movilizo_en_taxi,,,,,,,,,,,,,
3,58,1/16/20-14:46:50,1/16/20-14:47:34,anonymous,,Hombre,18-24,Valle_de_Tumbaco_y_alrededores,5_o_mas_dias_a_la_semana,10-20_minutos,1.25,No_me_movilizo_en_taxi,,,,,,,,,,,,,
4,59,1/16/20-14:46:08,1/16/20-14:48:21,anonymous,,Hombre,18-24,Norte_de_Quito,No_me_movilizo_en_bus,,,5_o_mas_dias_a_la_semana,menos_10_minutos,de_2_a_3_dolares,Taxi_Amarillo;Uber;Cabify;In_drive;Otra,menos_de_20_minutos,8-15,Combustible_fosil,NO,Velocidad_del_vehiculo,0.25_cvs,0.5_cvs,0.10_cvs,,
5,60,1/16/20-14:47:36,1/16/20-14:48:24,anonymous,,Hombre,25-34,Norte_de_Quito,4_dias_a_la_semana,10-20_minutos,0.50_cvs,No_me_movilizo_en_taxi,,,,,,,,,,,,,
6,61,1/16/20-14:46:37,1/16/20-14:48:48,anonymous,,Hombre,18-24,Norte_de_Quito,5_o_mas_dias_a_la_semana,menos_10_minutos,0.50_cvs,2_dias_a_la_semana,menos_10_minutos,de_2_a_3_dolares,Uber;In_drive;Taxi_Amarillo;Cabify;Otra,menos_de_20_minutos,menos_de_8,Me_es_indiferente,NO,Velocidad_del_vehiculo,0.75_cvs,0.75_cvs,0.10_cvs,,
7,62,1/16/20-14:47:30,1/16/20-14:49:43,anonymous,,Hombre,18-24,Valle_de_los_Chillos__y_alrededores,3_dias_a_la_semana,menos_10_minutos,1.5,1_dia_a_la_semana,menos_10_minutos,de_2_a_3_dolares,Uber;Cabify;Taxi_Amarillo;In_drive;Otra,menos_de_20_minutos,8-15,Electrico,SI,Tiempo_de_autonomia,1_dolar,1_dolar,0.25_cvs,,
8,63,1/16/20-14:48:58,1/16/20-14:49:58,anonymous,,Hombre,18-24,Valle_de_los_Chillos__y_alrededores,4_dias_a_la_semana,10-20_minutos,0.50_cvs,No_me_movilizo_en_taxi,,,,,,,,,,,,,
9,64,1/16/20-14:46:19,1/16/20-14:50:03,anonymous,,Hombre,18-24,Norte_de_Quito,5_o_mas_dias_a_la_semana,10-20_minutos,0.50_cvs,1_dia_a_la_semana,menos_10_minutos,de_2_a_3_dolares,Taxi_Amarillo;Uber;Cabify;Otra;In_drive,31_a_40_minutos,8-15,Me_es_indiferente,NO,Tiempo_de_autonomia,0.25_cvs,0.5_cvs,0.10_cvs,,
10,65,1/17/20-14:38:25,1/17/20-14:40:03,anonymous,,Hombre,18-24,Norte_de_Quito,No_me_movilizo_en_bus,,,5_o_mas_dias_a_la_semana,10-20_minutos,de_2_a_3_dolares,Uber;Cabify;In_drive;Taxi_Amarillo;Otra,21_a_30_minutos,16-23,Combustible_fosil,NO,Tiempo_de_autonomia,0.5_cvs,0.75_cvs,0.20_cvs,,
11,66,1/17/20-14:38:09,1/17/20-14:40:24,anonymous,,Hombre,18-24,Norte_de_Quito,5_o_mas_dias_a_la_semana,10-20_minutos,1.00,2_dias_a_la_semana,menos_10_minutos,de_2_a_3_dolares,Uber;In_drive;Taxi_Amarillo;Cabify;Otra,menos_de_20_minutos,menos_de_8,Me_es_indiferente,NO,Tiempo_de_autonomia,0.75_cvs,1_dolar,0.15_cvs,,
12,67,1/17/20-14:38:09,1/17/20-14:40:27,anonymous,,Hombre,18-24,Norte_de_Quito,5_o_mas_dias_a_la_semana,10-20_minutos,0.50_cvs,2_dias_a_la_semana,menos_10_minutos,menos_de_2,Taxi_Amarillo;Uber;In_drive;Cabify;Otra,21_a_30_minutos,8-15,Me_es_indiferente,NO,Tiempo_de_autonomia,0.25_cvs,0.5_cvs,0.10_cvs,,
13,68,1/17/20-14:37:20,1/17/20-14:42:05,anonymous,,Hombre,18-24,Norte_de_Quito,5_o_mas_dias_a_la_semana,menos_10_minutos,1.00,2_dias_a_la_semana,menos_10_minutos,de_3_a_4_dolares,Uber;In_drive;Taxi_Amarillo;Cabify;Otra,21_a_30_minutos,menos_de_8,Me_es_indiferente,NO,Velocidad_del_vehiculo,1_dolar,0.75_cvs,0.15_cvs,,
14,69,1/17/20-14:37:43,1/17/20-14:42:08,anonymous,,Hombre,18-24,Carapungo-Calderon_y_alrededores,No_me_movilizo_en_bus,,,5_o_mas_dias_a_la_semana,menos_10_minutos,menos_de_2,In_drive;Uber;Cabify;Taxi_Amarillo;Otra,menos_de_20_minutos,8-15,Electrico,SI,Velocidad_del_vehiculo,0.25_cvs,1_dolar,0.25_cvs,,
15,70,1/17/20-14:38:05,1/17/20-14:46:42,anonymous,,Mujer,18-24,Norte_de_Quito,5_o_mas_dias_a_la_semana,menos_10_minutos,0.50_cvs,5_o_mas_dias_a_la_semana,menos_10_minutos,de_3_a_4_dolares,Uber;Cabify;In_drive;Taxi_Amarillo;Otra,menos_de_20_minutos,menos_de_8,Electrico,SI,Tiempo_de_autonomia,0.5_cvs,0.5_cvs,0.20_cvs,,
16,71,1/17/20-14:43:41,1/17/20-15:11:45,anonymous,,Hombre,18-24,Norte_de_Quito,5_o_mas_dias_a_la_semana,menos_10_minutos,0.50_cvs,1_dia_a_la_semana,menos_10_minutos,de_3_a_4_dolares,Uber;Cabify;In_drive;Taxi_Amarillo;Otra,21_a_30_minutos,menos_de_8,Combustible_fosil,SI,Velocidad_del_vehiculo,1_dolar,1_dolar,0.15_cvs,,
17,72,1/20/20-0:14:45,1/20/20-0:15:08,anonymous,,Mujer,18-24,Sur_de_Quito,No_me_movilizo_en_bus,,,No_me_movilizo_en_taxi,,,,,,,,,,,,,
18,73,1/20/20-11:25:32,1/20/20-11:27:36,anonymous,,Mujer,25-34,Norte_de_Quito,5_o_mas_dias_a_la_semana,mas_de_20_minutos,1.00,2_dias_a_la_semana,menos_de_5_minutos,de_3_a_4_dolares,Cabify;Uber;Taxi_Amarillo;In_drive;Otra,21_a_30_minutos,8-15,Electrico,SI,Tiempo_de_autonomia,1.5_dolares,1.5_dolares,0.30_cvs,,
19,74,1/20/20-11:45:59,1/20/20-11:50:45,anonymous,,Hombre,45-54,Sur_de_Quito,1_dia_a_la_semana,5-10_minutos,1.25,1_dia_a_la_semana,menos_de_5_minutos,de_2_a_3_dolares,Taxi_Amarillo;Uber;Otra;Cabify;In_drive,21_a_30_minutos,8-15,Electrico,SI,Tiempo_de_autonomia,0.25_cvs,0.5_cvs,0.10_cvs,,
20,75,1/20/20-11:54:36,1/20/20-12:00:25,anonymous,,Hombre,45-54,Norte_de_Quito,No_me_movilizo_en_bus,,,1_dia_a_la_semana,menos_de_5_minutos,de_6_a_8_dolares,Uber;Taxi_Amarillo;Cabify;In_drive;Otra,31_a_40_minutos,16-23,Electrico,SI,Tiempo_de_autonomia,1.5_dolares,1.5_dolares,0.30_cvs,,
21,76,1/20/20-12:05:15,1/20/20-12:08:26,anonymous,,Mujer,35-44,Norte_de_Quito,No_me_movilizo_en_bus,,,4_dias_a_la_semana,10-20_minutos,de_4_a_6_dolares,Uber;Cabify;Taxi_Amarillo;In_drive;Otra,21_a_30_minutos,8-15,Electrico,SI,Tiempo_de_autonomia,0.75_cvs,1.5_dolares,0.15_cvs,,
22,77,1/20/20-12:27:38,1/20/20-12:28:55,anonymous,,Mujer,35-44,Mitad_del_Mundo_y_alrededores,No_me_movilizo_en_bus,,,No_me_movilizo_en_taxi,,,,,,,,,,,,,
23,78,1/20/20-12:34:18,1/20/20-12:35:13,anonymous,,Mujer,45-54,Norte_de_Quito,5_o_mas_dias_a_la_semana,mas_de_20_minutos,mas_de_1.5,No_me_movilizo_en_taxi,,,,,,,,,,,,,
24,79,1/20/20-12:36:44,1/20/20-12:39:57,anonymous,,Hombre,45-54,Norte_de_Quito,No_me_movilizo_en_bus,,,3_dias_a_la_semana,5-10_minutos,de_3_a_4_dolares,Cabify;Uber;Taxi_Amarillo;In_drive;Otra,menos_de_20_minutos,menos_de_8,Electrico,NO,Tiempo_de_autonomia,0.75_cvs,0.75_cvs,0.20_cvs,,
25,80,1/20/20-12:40:23,1/20/20-12:46:32,anonymous,,Mujer,25-34,Valle_de_los_Chillos__y_alrededores,No_me_movilizo_en_bus,,,1_dia_a_la_semana,5-10_minutos,mas_de_8,Cabify;Taxi_Amarillo;Uber;In_drive;Otra,21_a_30_minutos,8-15,Me_es_indiferente,NO,Seguridad_del_vehiculo,1.5_dolares,1.5_dolares,0.30_cvs,,
26,81,1/20/20-12:52:04,1/20/20-12:52:27,anonymous,,Hombre,25-34,Valle_de_los_Chillos__y_alrededores,No_me_movilizo_en_bus,,,No_me_movilizo_en_taxi,,,,,,,,,,,,,
27,82,1/20/20-13:03:52,1/20/20-13:05:47,anonymous,,Hombre,45-54,Valle_de_los_Chillos__y_alrededores,No_me_movilizo_en_bus,,,1_dia_a_la_semana,5-10_minutos,de_2_a_3_dolares,Cabify;Taxi_Amarillo;Uber;In_drive;Otra,menos_de_20_minutos,menos_de_8,Electrico,SI,Tiempo_de_autonomia,0.25_cvs,0.5_cvs,0.10_cvs,,
28,83,1/20/20-13:09:52,1/20/20-13:11:25,anonymous,,Hombre,35-44,Centro_de_Quito,No_me_movilizo_en_bus,,,No_me_movilizo_en_taxi,,,,,,,,,,,,,
29,84,1/20/20-13:11:20,1/20/20-13:15:40,anonymous,,Mujer,mas_de_54,Norte_de_Quito,3_dias_a_la_semana,5-10_minutos,1.25,3_dias_a_la_semana,5-10_minutos,de_4_a_6_dolares,Uber;Taxi_Amarillo;Cabify;In_drive;Otra,31_a_40_minutos,24-31,Electrico,SI,Velocidad_del_vehiculo,1.5_dolares,1.5_dolares,0.30_cvs,,
30,85,1/20/20-13:22:42,1/20/20-13:24:48,anonymous,,Hombre,35-44,Valle_de_Tumbaco_y_alrededores,No_me_movilizo_en_bus,,,1_dia_a_la_semana,5-10_minutos,de_4_a_6_dolares,Uber;Cabify;Taxi_Amarillo;In_drive;Otra,21_a_30_minutos,8-15,Electrico,NO,Velocidad_del_vehiculo,0.25_cvs,0.5_cvs,0.10_cvs,,
31,86,1/20/20-13:28:41,1/20/20-13:29:14,anonymous,,Hombre,45-54,Valle_de_Tumbaco_y_alrededores,No_me_movilizo_en_bus,,,No_me_movilizo_en_taxi,,,,,,,,,,,,,
32,87,1/20/20-13:35:09,1/20/20-13:37:27,anonymous,,Mujer,mas_de_54,Carapungo-Calderon_y_alrededores,5_o_mas_dias_a_la_semana,5-10_minutos,mas_de_1.5,No_me_movilizo_en_taxi,,,,,,,,,,,,,
33,88,1/20/20-13:42:39,1/20/20-13:46:03,anonymous,,Hombre,35-44,Norte_de_Quito,1_dia_a_la_semana,5-10_minutos,1.00,1_dia_a_la_semana,menos_de_5_minutos,menos_de_2,Taxi_Amarillo;Otra;Uber;Cabify;In_drive,menos_de_20_minutos,menos_de_8,Electrico,SI,Tiempo_de_autonomia,0.25_cvs,0.5_cvs,0.10_cvs,,
34,89,1/20/20-13:43:46,1/20/20-13:46:03,anonymous,,Mujer,45-54,Norte_de_Quito,5_o_mas_dias_a_la_semana,10-20_minutos,1.5,No_me_movilizo_en_taxi,,,,,,,,,,,,,
35,90,1/20/20-13:49:20,1/20/20-13:50:32,anonymous,,Mujer,mas_de_54,Norte_de_Quito,No_me_movilizo_en_bus,,,No_me_movilizo_en_taxi,,,,,,,,,,,,,
36,91,1/20/20-14:10:47,1/20/20-14:13:38,anonymous,,Hombre,25-34,Sur_de_Quito,4_dias_a_la_semana,5-10_minutos,1.00,1_dia_a_la_semana,menos_de_5_minutos,de_3_a_4_dolares,Taxi_Amarillo;Uber;Cabify;In_drive;Otra,menos_de_20_minutos,8-15,Electrico,NO,Tiempo_de_autonomia,0.25_cvs,0.5_cvs,0.10_cvs,,
37,92,1/20/20-14:10:45,1/20/20-14:15:02,anonymous,,Mujer,45-54,Norte_de_Quito,No_me_movilizo_en_bus,,,5_o_mas_dias_a_la_semana,5-10_minutos,de_3_a_4_dolares,Uber;Cabify;Taxi_Amarillo;In_drive;Otra,31_a_40_minutos,8-15,Electrico,SI,Tiempo_de_autonomia,1_dolar,1_dolar,0.30_cvs,,
38,93,1/20/20-14:18:25,1/20/20-14:20:17,anonymous,,Hombre,35-44,Norte_de_Quito,No_me_movilizo_en_bus,,,1_dia_a_la_semana,5-10_minutos,de_4_a_6_dolares,Uber;Cabify;Taxi_Amarillo;In_drive;Otra,21_a_30_minutos,menos_de_8,Electrico,NO,Tiempo_de_autonomia,0.25_cvs,0.5_cvs,0.10_cvs,,
39,94,1/20/20-14:49:56,1/20/20-14:52:53,anonymous,,Mujer,mas_de_54,Norte_de_Quito,2_dias_a_la_semana,10-20_minutos,0.50_cvs,3_dias_a_la_semana,5-10_minutos,de_3_a_4_dolares,Uber;Taxi_Amarillo;In_drive;Cabify;Otra,menos_de_20_minutos,8-15,Me_es_indiferente,SI,Seguridad_del_vehiculo,0.25_cvs,0.5_cvs,0.10_cvs,,
40,95,1/20/20-15:14:40,1/20/20-15:16:41,anonymous,,Hombre,35-44,Valle_de_los_Chillos__y_alrededores,No_me_movilizo_en_bus,,,No_me_movilizo_en_taxi,,,,,,,,,,,,,
41,96,1/20/20-15:20:52,1/20/20-15:22:04,anonymous,,Mujer,mas_de_54,Norte_de_Quito,No_me_movilizo_en_bus,,,No_me_movilizo_en_taxi,,,,,,,,,,,,,
42,97,1/20/20-15:30:47,1/20/20-15:31:21,anonymous,,Mujer,mas_de_54,Valle_de_los_Chillos__y_alrededores,No_me_movilizo_en_bus,,,No_me_movilizo_en_taxi,,,,,,,,,,,,,
43,98,1/20/20-15:28:12,1/20/20-15:32:05,anonymous,,Hombre,35-44,Norte_de_Quito,No_me_movilizo_en_bus,,,3_dias_a_la_semana,menos_de_5_minutos,menos_de_2,Cabify;Taxi_Amarillo;Uber;In_drive;Otra,menos_de_20_minutos,menos_de_8,Electrico,NO,Tiempo_de_autonomia,0.25_cvs,0.5_cvs,0.10_cvs,,
44,99,1/20/20-15:32:00,1/20/20-15:32:29,anonymous,,Mujer,mas_de_54,Valle_de_los_Chillos__y_alrededores,No_me_movilizo_en_bus,,,No_me_movilizo_en_taxi,,,,,,,,,,,,,
45,100,1/20/20-15:51:14,1/20/20-15:55:22,anonymous,,Mujer,mas_de_54,Norte_de_Quito,1_dia_a_la_semana,10-20_minutos,1.00,1_dia_a_la_semana,menos_de_5_minutos,de_3_a_4_dolares,Taxi_Amarillo;Otra;Uber;Cabify;In_drive,31_a_40_minutos,8-15,Electrico,NO,Seguridad_del_vehiculo,0.25_cvs,0.5_cvs,0.30_cvs,,
46,101,1/20/20-15:54:14,1/20/20-15:57:20,anonymous,,Mujer,mas_de_54,Valle_de_Tumbaco_y_alrededores,No_me_movilizo_en_bus,,,5_o_mas_dias_a_la_semana,5-10_minutos,de_4_a_6_dolares,Uber;Taxi_Amarillo;Cabify;In_drive;Otra,menos_de_20_minutos,8-15,Electrico,SI,Seguridad_del_vehiculo,1.5_dolares,1.5_dolares,0.30_cvs,,
47,102,1/20/20-17:45:57,1/20/20-17:49:53,anonymous,,Mujer,45-54,Norte_de_Quito,1_dia_a_la_semana,10-20_minutos,1.00,3_dias_a_la_semana,5-10_minutos,de_3_a_4_dolares,Uber;Taxi_Amarillo;Cabify;In_drive;Otra,31_a_40_minutos,8-15,Electrico,SI,Tiempo_de_autonomia,1_dolar,1.5_dolares,0.25_cvs,,
48,103,1/20/20-18:22:17,1/20/20-18:28:02,anonymous,,Mujer,25-34,Valle_de_Tumbaco_y_alrededores,3_dias_a_la_semana,5-10_minutos,1.00,1_dia_a_la_semana,5-10_minutos,de_4_a_6_dolares,Uber;Cabify;Taxi_Amarillo;In_drive;Otra,41_a_50_minutos,16-23,Electrico,NO,Tiempo_de_autonomia,1_dolar,1.5_dolares,0.30_cvs,,
49,104,1/20/20-20:16:56,1/20/20-20:20:58,anonymous,,Hombre,25-34,Norte_de_Quito,3_dias_a_la_semana,5-10_minutos,0.50_cvs,1_dia_a_la_semana,menos_de_5_minutos,de_4_a_6_dolares,Uber;Taxi_Amarillo;Cabify;In_drive;Otra,31_a_40_minutos,8-15,Electrico,NO,Tiempo_de_autonomia,0.75_cvs,0.75_cvs,0.15_cvs,,
50,105,1/20/20-21:26:36,1/20/20-21:31:07,anonymous,,Hombre,18-24,Sur_de_Quito,5_o_mas_dias_a_la_semana,5-10_minutos,1.00,5_o_mas_dias_a_la_semana,5-10_minutos,de_2_a_3_dolares,Uber;In_drive;Taxi_Amarillo;Cabify;Otra,menos_de_20_minutos,menos_de_8,Electrico,SI,Seguridad_del_vehiculo,1.5_dolares,0.5_cvs,0.30_cvs,,
51,106,1/20/20-21:36:05,1/20/20-21:40:16,anonymous,,Hombre,25-34,Sur_de_Quito,5_o_mas_dias_a_la_semana,5-10_minutos,1.5,1_dia_a_la_semana,menos_de_5_minutos,de_2_a_3_dolares,Taxi_Amarillo;Uber;Cabify;In_drive;Otra,menos_de_20_minutos,menos_de_8,Electrico,NO,Tiempo_de_autonomia,0.25_cvs,0.5_cvs,0.25_cvs,,
52,107,1/20/20-22:51:28,1/20/20-22:52:18,anonymous,,Hombre,18-24,Sur_de_Quito,5_o_mas_dias_a_la_semana,10-20_minutos,0.50_cvs,No_me_movilizo_en_taxi,,,,,,,,,,,,,
53,108,1/21/20-1:01:47,1/21/20-1:04:15,anonymous,,Hombre,25-34,Sur_de_Quito,1_dia_a_la_semana,5-10_minutos,1.00,5_o_mas_dias_a_la_semana,5-10_minutos,menos_de_2,Taxi_Amarillo;In_drive;Uber;Cabify;Otra,menos_de_20_minutos,menos_de_8,Me_es_indiferente,SI,Velocidad_del_vehiculo,0.25_cvs,0.5_cvs,0.10_cvs,,
54,109,1/21/20-1:21:58,1/21/20-1:27:27,anonymous,,Hombre,18-24,Sur_de_Quito,5_o_mas_dias_a_la_semana,10-20_minutos,0.50_cvs,2_dias_a_la_semana,menos_de_5_minutos,de_2_a_3_dolares,Uber;Taxi_Amarillo;Cabify;In_drive;Otra,21_a_30_minutos,8-15,Electrico,SI,Velocidad_del_vehiculo,0.75_cvs,0.75_cvs,0.30_cvs,,
55,110,1/21/20-7:30:39,1/21/20-7:32:58,anonymous,,Hombre,25-34,Centro_de_Quito,1_dia_a_la_semana,menos_de_5_minutos,0.50_cvs,1_dia_a_la_semana,menos_de_5_minutos,de_3_a_4_dolares,Uber;Taxi_Amarillo;Cabify;In_drive;Otra,menos_de_20_minutos,8-15,Electrico,SI,Tiempo_de_autonomia,0.25_cvs,0.75_cvs,0.30_cvs,,
56,111,1/21/20-9:05:27,1/21/20-9:10:50,anonymous,,Mujer,25-34,Norte_de_Quito,5_o_mas_dias_a_la_semana,5-10_minutos,0.50_cvs,5_o_mas_dias_a_la_semana,5-10_minutos,menos_de_2,Taxi_Amarillo;Uber;Otra;Cabify;In_drive,menos_de_20_minutos,menos_de_8,Electrico,SI,"Confort_(calidad_del_aire,ruido)",1.5_dolares,1.5_dolares,0.30_cvs,,
57,112,1/21/20-11:14:46,1/21/20-11:19:47,anonymous,,Hombre,45-54,Norte_de_Quito,No_me_movilizo_en_bus,,,4_dias_a_la_semana,5-10_minutos,de_6_a_8_dolares,Taxi_Amarillo;Uber;Cabify;In_drive;Otra,41_a_50_minutos,8-15,Electrico,SI,Tiempo_de_autonomia,1_dolar,1_dolar,0.30_cvs,,
58,113,1/21/20-12:48:34,1/21/20-12:51:10,anonymous,,Hombre,18-24,Norte_de_Quito,1_dia_a_la_semana,menos_de_5_minutos,0.50_cvs,5_o_mas_dias_a_la_semana,menos_de_5_minutos,menos_de_2,Uber;Cabify;Taxi_Amarillo;Otra;In_drive,menos_de_20_minutos,menos_de_8,Combustible_fosil,NO,Velocidad_del_vehiculo,0.25_cvs,0.5_cvs,0.10_cvs,,
59,114,1/21/20-12:47:54,1/21/20-12:51:41,anonymous,,Hombre,18-24,Carapungo-Calderon_y_alrededores,5_o_mas_dias_a_la_semana,10-20_minutos,0.50_cvs,2_dias_a_la_semana,menos_de_5_minutos,de_3_a_4_dolares,Uber;Cabify;In_drive;Otra;Taxi_Amarillo,41_a_50_minutos,24-31,Me_es_indiferente,SI,Tiempo_de_autonomia,1_dolar,1.5_dolares,0.20_cvs,,
60,115,1/21/20-12:49:10,1/21/20-12:53:36,anonymous,,Hombre,18-24,Norte_de_Quito,5_o_mas_dias_a_la_semana,10-20_minutos,1.00,3_dias_a_la_semana,5-10_minutos,de_4_a_6_dolares,Uber;Taxi_Amarillo;Cabify;In_drive;Otra,41_a_50_minutos,16-23,Electrico,SI,Tiempo_de_autonomia,1.5_dolares,1_dolar,0.30_cvs,,
61,116,1/21/20-12:48:10,1/21/20-12:55:48,anonymous,,Hombre,18-24,Norte_de_Quito,5_o_mas_dias_a_la_semana,5-10_minutos,0.50_cvs,1_dia_a_la_semana,5-10_minutos,de_2_a_3_dolares,In_drive;Cabify;Uber;Taxi_Amarillo;Otra,21_a_30_minutos,menos_de_8,Electrico,SI,Tiempo_de_autonomia,0.5_cvs,0.5_cvs,0.15_cvs,,
62,117,1/21/20-12:48:29,1/21/20-12:56:33,anonymous,,Hombre,18-24,Centro_de_Quito,4_dias_a_la_semana,mas_de_20_minutos,1.00,4_dias_a_la_semana,menos_de_5_minutos,de_4_a_6_dolares,Uber;In_drive;Cabify;Otra;Taxi_Amarillo,41_a_50_minutos,8-15,Me_es_indiferente,NO,Tiempo_de_autonomia,0.25_cvs,0.75_cvs,0.15_cvs,,
63,118,1/21/20-12:57:33,1/21/20-12:58:16,anonymous,,Hombre,18-24,Norte_de_Quito,5_o_mas_dias_a_la_semana,5-10_minutos,0.50_cvs,No_me_movilizo_en_taxi,,,,,,,,,,,,,
64,119,1/21/20-13:20:14,1/21/20-13:21:36,anonymous,,Hombre,18-24,Mitad_del_Mundo_y_alrededores,5_o_mas_dias_a_la_semana,10-20_minutos,1.00,No_me_movilizo_en_taxi,,,,,,,,,,,,,
65,120,1/21/20-13:50:41,1/21/20-14:00:14,anonymous,,Hombre,35-44,Valle_de_Tumbaco_y_alrededores,No_me_movilizo_en_bus,,,2_dias_a_la_semana,menos_de_5_minutos,de_4_a_6_dolares,Uber;Cabify;Taxi_Amarillo;In_drive;Otra,21_a_30_minutos,8-15,Electrico,SI,Tiempo_de_autonomia,1_dolar,1_dolar,0.30_cvs,,
66,121,1/21/20-14:55:46,1/21/20-14:56:59,anonymous,,Hombre,25-34,Sur_de_Quito,5_o_mas_dias_a_la_semana,10-20_minutos,0.50_cvs,No_me_movilizo_en_taxi,,,,,,,,,,,,,
67,122,1/21/20-15:01:07,1/21/20-15:01:36,anonymous,,Hombre,18-24,Norte_de_Quito,1_dia_a_la_semana,5-10_minutos,0.50_cvs,No_me_movilizo_en_taxi,,,,,,,,,,,,,
68,123,1/21/20-15:00:34,1/21/20-15:01:50,anonymous,,Hombre,18-24,Valle_de_Tumbaco_y_alrededores,5_o_mas_dias_a_la_semana,5-10_minutos,1.00,No_me_movilizo_en_taxi,,,,,,,,,,,,,
69,124,1/21/20-15:01:02,1/21/20-15:01:55,anonymous,,Hombre,18-24,Norte_de_Quito,5_o_mas_dias_a_la_semana,5-10_minutos,0.50_cvs,No_me_movilizo_en_taxi,,,,,,,,,,,,,
70,125,1/21/20-15:01:17,1/21/20-15:02:17,anonymous,,Hombre,25-34,Norte_de_Quito,4_dias_a_la_semana,10-20_minutos,0.50_cvs,No_me_movilizo_en_taxi,,,,,,,,,,,,,
71,126,1/21/20-15:01:17,1/21/20-15:04:26,anonymous,,Hombre,18-24,Norte_de_Quito,5_o_mas_dias_a_la_semana,5-10_minutos,0.50_cvs,1_dia_a_la_semana,menos_de_5_minutos,de_2_a_3_dolares,Taxi_Amarillo;Uber;Cabify;In_drive;Otra,21_a_30_minutos,menos_de_8,Me_es_indiferente,NO,Velocidad_del_vehiculo,0.25_cvs,0.5_cvs,0.10_cvs,,
72,127,1/21/20-15:01:53,1/21/20-15:07:16,anonymous,,Mujer,18-24,Norte_de_Quito,1_dia_a_la_semana,5-10_minutos,0.50_cvs,5_o_mas_dias_a_la_semana,5-10_minutos,de_2_a_3_dolares,Uber;In_drive;Cabify;Taxi_Amarillo;Otra,menos_de_20_minutos,8-15,Combustible_fosil,SI,Tiempo_de_autonomia,0.25_cvs,0.75_cvs,0.10_cvs,,
73,128,1/21/20-15:01:05,1/21/20-15:08:19,anonymous,,Hombre,25-34,Valle_de_Tumbaco_y_alrededores,No_me_movilizo_en_bus,,,1_dia_a_la_semana,5-10_minutos,de_4_a_6_dolares,Uber;Taxi_Amarillo;Cabify;In_drive;Otra,31_a_40_minutos,24-31,Electrico,NO,Tiempo_de_autonomia,1.5_dolares,1.5_dolares,0.30_cvs,,
74,129,1/21/20-17:37:08,1/21/20-17:40:25,anonymous,,Mujer,18-24,Norte_de_Quito,5_o_mas_dias_a_la_semana,5-10_minutos,1.5,5_o_mas_dias_a_la_semana,5-10_minutos,menos_de_2,Taxi_Amarillo;Uber;Cabify;Otra;In_drive,31_a_40_minutos,8-15,Me_es_indiferente,NO,Tiempo_de_autonomia,0.75_cvs,0.75_cvs,0.30_cvs,,
75,130,1/21/20-22:23:16,1/21/20-22:29:38,anonymous,,Hombre,18-24,Sur_de_Quito,5_o_mas_dias_a_la_semana,10-20_minutos,1.00,1_dia_a_la_semana,5-10_minutos,de_2_a_3_dolares,Taxi_Amarillo;Uber;In_drive;Cabify;Otra,21_a_30_minutos,8-15,Electrico,NO,"Confort_(calidad_del_aire,ruido)",0.5_cvs,0.75_cvs,0.15_cvs,,
76,131,1/22/20-0:08:39,1/22/20-0:18:10,anonymous,,Hombre,18-24,Valle_de_los_Chillos__y_alrededores,5_o_mas_dias_a_la_semana,menos_de_5_minutos,1.25,1_dia_a_la_semana,5-10_minutos,menos_de_2,Taxi_Amarillo;Uber;Cabify;In_drive;Otra,41_a_50_minutos,16-23,Me_es_indiferente,SI,Tiempo_de_autonomia,0.5_cvs,0.5_cvs,0.30_cvs,,
77,132,1/22/20-10:56:25,1/22/20-10:57:00,anonymous,,Hombre,18-24,Sur_de_Quito,5_o_mas_dias_a_la_semana,10-20_minutos,1.00,No_me_movilizo_en_taxi,,,,,,,,,,,,,
78,133,1/22/20-13:03:32,1/22/20-13:05:00,anonymous,,Hombre,25-34,Norte_de_Quito,1_dia_a_la_semana,5-10_minutos,1.00,No_me_movilizo_en_taxi,,,,,,,,,,,,,
79,134,1/22/20-14:44:38,1/22/20-14:45:37,anonymous,,Hombre,18-24,Sur_de_Quito,5_o_mas_dias_a_la_semana,10-20_minutos,1.00,No_me_movilizo_en_taxi,,,,,,,,,,,,,
80,135,1/22/20-14:55:09,1/22/20-14:55:46,anonymous,,Hombre,18-24,Sur_de_Quito,5_o_mas_dias_a_la_semana,10-20_minutos,1.25,No_me_movilizo_en_taxi,,,,,,,,,,,,,
81,136,1/22/20-15:42:42,1/22/20-15:44:56,anonymous,,Hombre,25-34,Sur_de_Quito,No_me_movilizo_en_bus,,,1_dia_a_la_semana,menos_de_5_minutos,de_6_a_8_dolares,Uber;Taxi_Amarillo;Cabify;In_drive;Otra,Mas_de_50_minutos,8-15,Electrico,SI,Tiempo_de_autonomia,0.5_cvs,0.75_cvs,0.30_cvs,,
82,137,1/22/20-16:12:38,1/22/20-16:14:33,anonymous,,Hombre,18-24,Sur_de_Quito,2_dias_a_la_semana,5-10_minutos,1.00,No_me_movilizo_en_taxi,,,,,,,,,,,,,
83,138,1/22/20-18:40:26,1/22/20-18:41:26,anonymous,,Hombre,18-24,Sur_de_Quito,5_o_mas_dias_a_la_semana,menos_de_5_minutos,1.00,No_me_movilizo_en_taxi,,,,,,,,,,,,,
84,139,1/22/20-21:45:27,1/22/20-21:48:32,anonymous,,Hombre,18-24,Sur_de_Quito,2_dias_a_la_semana,10-20_minutos,0.50_cvs,No_me_movilizo_en_taxi,,,,,,,,,,,,,
85,140,1/22/20-22:04:15,1/22/20-22:06:56,anonymous,,Hombre,25-34,Valle_de_los_Chillos__y_alrededores,5_o_mas_dias_a_la_semana,10-20_minutos,1.25,No_me_movilizo_en_taxi,,,,,,,,,,,,,
86,141,1/23/20-12:44:56,1/23/20-12:45:22,anonymous,,Hombre,18-24,Norte_de_Quito,2_dias_a_la_semana,5-10_minutos,1.00,No_me_movilizo_en_taxi,,,,,,,,,,,,,
87,142,1/23/20-12:47:23,1/23/20-12:47:59,anonymous,,Hombre,18-24,Norte_de_Quito,5_o_mas_dias_a_la_semana,10-20_minutos,0.50_cvs,No_me_movilizo_en_taxi,,,,,,,,,,,,,
88,143,1/23/20-12:47:53,1/23/20-12:48:31,anonymous,,Hombre,18-24,Sur_de_Quito,1_dia_a_la_semana,10-20_minutos,0.50_cvs,No_me_movilizo_en_taxi,,,,,,,,,,,,,
89,144,1/23/20-12:48:06,1/23/20-12:50:17,anonymous,,Hombre,18-24,Mitad_del_Mundo_y_alrededores,1_dia_a_la_semana,5-10_minutos,0.50_cvs,1_dia_a_la_semana,menos_de_5_minutos,de_4_a_6_dolares,Otra;Cabify;In_drive;Taxi_Amarillo;Uber,21_a_30_minutos,24-31,Electrico,SI,Seguridad_del_vehiculo,0.75_cvs,0.75_cvs,0.25_cvs,,
90,145,1/23/20-21:09:17,1/23/20-21:11:41,anonymous,,Mujer,18-24,Valle_de_los_Chillos__y_alrededores,5_o_mas_dias_a_la_semana,5-10_minutos,1.25,2_dias_a_la_semana,menos_de_5_minutos,de_2_a_3_dolares,Taxi_Amarillo;Uber;Cabify;In_drive;Otra,Mas_de_50_minutos,32-39,Electrico,SI,Tiempo_de_autonomia,0.5_cvs,0.75_cvs,0.20_cvs,,
91,146,1/23/20-21:15:35,1/23/20-21:16:09,anonymous,,Hombre,25-34,Valle_de_los_Chillos__y_alrededores,No_me_movilizo_en_bus,,,No_me_movilizo_en_taxi,,,,,,,,,,,,,
92,147,1/23/20-22:13:53,1/23/20-22:15:14,anonymous,,Mujer,18-24,Sur_de_Quito,5_o_mas_dias_a_la_semana,10-20_minutos,1.00,No_me_movilizo_en_taxi,,,,,,,,,,,,,
93,148,1/24/20-12:27:00,1/24/20-12:28:19,anonymous,,Mujer,18-24,Sur_de_Quito,5_o_mas_dias_a_la_semana,10-20_minutos,1.25,No_me_movilizo_en_taxi,,,,,,,,,,,,,
94,149,1/26/20-2:49:20,1/26/20-2:54:51,anonymous,,Hombre,25-34,Sur_de_Quito,5_o_mas_dias_a_la_semana,mas_de_20_minutos,1.00,1_dia_a_la_semana,5-10_minutos,de_3_a_4_dolares,Uber;Taxi_Amarillo;Otra;Cabify;In_drive,menos_de_20_minutos,menos_de_8,Electrico,SI,Seguridad_del_vehiculo,1_dolar,1_dolar,0.30_cvs,,
95,150,1/26/20-16:41:03,1/26/20-16:42:08,anonymous,,Hombre,18-24,Norte_de_Quito,5_o_mas_dias_a_la_semana,10-20_minutos,1.5,No_me_movilizo_en_taxi,,,,,,,,,,,,,
96,151,1/27/20-21:02:42,1/27/20-21:06:29,anonymous,,Hombre,45-54,Valle_de_los_Chillos__y_alrededores,2_dias_a_la_semana,mas_de_20_minutos,mas_de_1.5,2_dias_a_la_semana,5-10_minutos,de_4_a_6_dolares,Cabify;Taxi_Amarillo;Uber;In_drive;Otra,Mas_de_50_minutos,16-23,Electrico,SI,"Confort_(calidad_del_aire,ruido)",0.5_cvs,0.75_cvs,0.20_cvs,,
97,152,1/27/20-21:20:52,1/27/20-21:23:19,anonymous,,Mujer,35-44,Norte_de_Quito,No_me_movilizo_en_bus,,,3_dias_a_la_semana,5-10_minutos,de_4_a_6_dolares,Taxi_Amarillo;Cabify;Uber;In_drive;Otra,menos_de_20_minutos,menos_de_8,Electrico,NO,Velocidad_del_vehiculo,1.5_dolares,1_dolar,0.30_cvs,,
98,153,1/27/20-22:02:20,1/27/20-22:09:58,anonymous,,Hombre,mas_de_54,Mitad_del_Mundo_y_alrededores,5_o_mas_dias_a_la_semana,menos_de_5_minutos,mas_de_1.5,No_me_movilizo_en_taxi,,,,,,,,,,,,,
99,154,1/29/20-18:11:17,1/29/20-18:15:18,anonymous,,Hombre,25-34,Valle_de_los_Chillos__y_alrededores,5_o_mas_dias_a_la_semana,5-10_minutos,1.5,1_dia_a_la_semana,5-10_minutos,de_3_a_4_dolares,Taxi_Amarillo;Uber;Cabify;Otra;In_drive,menos_de_20_minutos,mas_de_39,Electrico,NO,"Confort_(calidad_del_aire,ruido)",0.25_cvs,0.5_cvs,0.30_cvs,,
100,155,3/16/20-10:08:27,3/16/20-10:09:44,anonymous,,Hombre,18-24,Valle_de_los_Chillos__y_alrededores,5_o_mas_dias_a_la_semana,mas_de_20_minutos,mas_de_1.5,No_me_movilizo_en_taxi,,,,,,,,,,,,,
101,156,7/7/20-14:17:45,7/7/20-14:18:36,anonymous,,Hombre,18-24,Valle_de_los_Chillos__y_alrededores,5_o_mas_dias_a_la_semana,10-20_minutos,1.00,No_me_movilizo_en_taxi,,,,,,,,,,,,,
102,157,7/7/20-14:17:43,7/7/20-14:20:45,anonymous,,Mujer,18-24,Norte_de_Quito,4_dias_a_la_semana,10-20_minutos,1.00,5_o_mas_dias_a_la_semana,5-10_minutos,de_2_a_3_dolares,Uber;Cabify;In_drive;Taxi_Amarillo;Otra,menos_de_20_minutos,8-15,Combustible_fosil,SI,Seguridad_del_vehiculo,1_dolar,1_dolar,0.30_cvs,Bicicleta;Motocicleta,Limpieza;Respeto_de_distancias_de_usuarios;Falta_de_gel_hidroalcoholico;Pago_electronico;
103,158,7/7/20-14:17:45,7/7/20-14:21:05,anonymous,,Mujer,18-24,Norte_de_Quito,3_dias_a_la_semana,mas_de_20_minutos,1.00,No_me_movilizo_en_taxi,,,,,,,,,,,,,
104,159,7/7/20-14:17:52,7/7/20-14:22:12,anonymous,,Mujer,18-24,Valle_de_los_Chillos__y_alrededores,5_o_mas_dias_a_la_semana,5-10_minutos,1.00,No_me_movilizo_en_taxi,,,,,,,,,,,,,
105,160,7/7/20-14:21:29,7/7/20-14:22:43,anonymous,,Hombre,25-34,Norte_de_Quito,5_o_mas_dias_a_la_semana,10-20_minutos,1.00,No_me_movilizo_en_taxi,,,,,,,,,,,,,
106,161,7/7/20-15:16:10,7/7/20-15:16:43,anonymous,,Hombre,18-24,Sur_de_Quito,No_me_movilizo_en_bus,,,No_me_movilizo_en_taxi,,,,,,,,,,,,,
107,162,7/7/20-15:16:10,7/7/20-15:19:08,anonymous,,Mujer,18-24,Norte_de_Quito,5_o_mas_dias_a_la_semana,mas_de_20_minutos,1.00,1_dia_a_la_semana,10-20_minutos,de_4_a_6_dolares,Uber;In_drive;Taxi_Amarillo;Cabify;Otra,31_a_40_minutos,32-39,Me_es_indiferente,SI,Tiempo_de_autonomia,0.25_cvs,0.5_cvs,0.10_cvs,A_pie,Limpieza;Respeto_de_distancias_de_usuarios;Falta_de_gel_hidroalcoholico;
108,163,7/7/20-15:16:17,7/7/20-15:20:45,anonymous,,Hombre,18-24,Norte_de_Quito,5_o_mas_dias_a_la_semana,menos_de_5_minutos,1.00,5_o_mas_dias_a_la_semana,menos_de_5_minutos,de_4_a_6_dolares,Taxi_Amarillo;In_drive;Uber;Cabify;Otra,41_a_50_minutos,32-39,Electrico,SI,Velocidad_del_vehiculo,0.25_cvs,1.5_dolares,0.30_cvs,Bicicleta;A_pie;Motocicleta,Limpieza;Respeto_de_distancias_de_usuarios;Falta_de_gel_hidroalcoholico;
109,164,7/7/20-15:16:03,7/7/20-15:21:59,anonymous,,Hombre,18-24,Norte_de_Quito,4_dias_a_la_semana,10-20_minutos,0.50_cvs,2_dias_a_la_semana,menos_de_5_minutos,de_4_a_6_dolares,Taxi_Amarillo;Uber;Cabify;In_drive;Otra,21_a_30_minutos,8-15,Combustible_fosil,SI,Tiempo_de_autonomia,0.5_cvs,1_dolar,0.20_cvs,Bicicleta;A_pie,Limpieza;Respeto_de_distancias_de_usuarios;
110,165,7/7/20-15:16:05,7/7/20-15:23:13,anonymous,,Hombre,18-24,Norte_de_Quito,4_dias_a_la_semana,10-20_minutos,0.50_cvs,2_dias_a_la_semana,10-20_minutos,de_2_a_3_dolares,Uber;Cabify;Taxi_Amarillo;In_drive;Otra,menos_de_20_minutos,8-15,Combustible_fosil,NO,Seguridad_del_vehiculo,1.5_dolares,1.5_dolares,0.30_cvs,A_pie,Limpieza;Respeto_de_distancias_de_usuarios;Falta_de_gel_hidroalcoholico;Pago_electronico;
111,166,7/7/20-15:31:08,7/7/20-15:32:15,anonymous,,Hombre,18-24,Norte_de_Quito,5_o_mas_dias_a_la_semana,10-20_minutos,1.00,No_me_movilizo_en_taxi,,,,,,,,,,,,,
112,167,7/7/20-15:16:06,7/7/20-16:31:27,anonymous,,Hombre,18-24,Carapungo-Calderon_y_alrededores,1_dia_a_la_semana,10-20_minutos,1.00,No_me_movilizo_en_taxi,,,,,,,,,,,,,
113,168,7/8/20-14:31:11,7/8/20-14:34:50,anonymous,,Hombre,18-24,Norte_de_Quito,5_o_mas_dias_a_la_semana,mas_de_20_minutos,1.00,2_dias_a_la_semana,mas_de_20_minutos,de_2_a_3_dolares,Uber;Cabify;Taxi_Amarillo;In_drive;Otra,41_a_50_minutos,24-31,Electrico,SI,Tiempo_de_autonomia,0.5_cvs,0.5_cvs,0.15_cvs,Bicicleta;A_pie,Limpieza;Respeto_de_distancias_de_usuarios;Pago_electronico;
114,169,7/8/20-15:03:36,7/8/20-15:10:53,anonymous,,Hombre,18-24,Carapungo-Calderon_y_alrededores,5_o_mas_dias_a_la_semana,mas_de_20_minutos,1.5,2_dias_a_la_semana,5-10_minutos,de_4_a_6_dolares,Uber;Cabify;In_drive;Taxi_Amarillo;Otra,41_a_50_minutos,32-39,Electrico,SI,Tiempo_de_autonomia,0.75_cvs,1.5_dolares,0.30_cvs,Bicicleta;A_pie;Monopatin;Motocicleta,Limpieza;Respeto_de_distancias_de_usuarios;Falta_de_gel_hidroalcoholico;Pago_electronico;
115,170,7/9/20-18:59:38,7/9/20-19:00:00,anonymous,,Hombre,18-24,Norte_de_Quito,No_me_movilizo_en_bus,,,No_me_movilizo_en_taxi,,,,,,,,,,,,,
116,171,7/9/20-18:59:55,7/9/20-19:00:45,anonymous,,Hombre,18-24,Valle_de_Tumbaco_y_alrededores,5_o_mas_dias_a_la_semana,5-10_minutos,1.00,No_me_movilizo_en_taxi,,,,,,,,,,,,,
117,172,7/9/20-18:59:38,7/9/20-19:01:50,anonymous,,Mujer,18-24,Norte_de_Quito,No_me_movilizo_en_bus,,,3_dias_a_la_semana,10-20_minutos,de_3_a_4_dolares,Uber;Cabify;Taxi_Amarillo;In_drive;Otra,31_a_40_minutos,8-15,Electrico,NO,Seguridad_del_vehiculo,0.25_cvs,0.5_cvs,0.20_cvs,Bicicleta;Monopatin;Motocicleta,Limpieza;Pago_electronico;
118,173,7/9/20-18:59:53,7/9/20-19:02:29,anonymous,,Hombre,18-24,Norte_de_Quito,5_o_mas_dias_a_la_semana,5-10_minutos,1.00,1_dia_a_la_semana,menos_de_5_minutos,de_3_a_4_dolares,Cabify;Uber;Taxi_Amarillo;Otra;In_drive,21_a_30_minutos,8-15,Electrico,SI,Tiempo_de_autonomia,0.5_cvs,0.5_cvs,0.15_cvs,Bicicleta,Limpieza;Respeto_de_distancias_de_usuarios;Falta_de_gel_hidroalcoholico;
119,174,7/9/20-19:02:13,7/9/20-19:02:43,anonymous,,Hombre,18-24,Norte_de_Quito,1_dia_a_la_semana,5-10_minutos,0.50_cvs,No_me_movilizo_en_taxi,,,,,,,,,,,,,
120,175,7/9/20-19:01:18,7/9/20-19:02:59,anonymous,,Hombre,18-24,Norte_de_Quito,No_me_movilizo_en_bus,,,No_me_movilizo_en_taxi,,,,,,,,,,,,,
121,176,7/9/20-19:00:00,7/9/20-19:03:00,anonymous,,Hombre,18-24,Norte_de_Quito,4_dias_a_la_semana,10-20_minutos,0.50_cvs,1_dia_a_la_semana,menos_de_5_minutos,de_3_a_4_dolares,Uber;Cabify;In_drive;Taxi_Amarillo;Otra,31_a_40_minutos,16-23,Me_es_indiferente,NO,Tiempo_de_autonomia,0.75_cvs,0.75_cvs,0.25_cvs,Bicicleta,Limpieza;Respeto_de_distancias_de_usuarios;
122,177,7/9/20-19:01:25,7/9/20-19:03:07,anonymous,,Hombre,18-24,Carapungo-Calderon_y_alrededores,No_me_movilizo_en_bus,,,No_me_movilizo_en_taxi,,,,,,,,,,,,,
123,178,7/9/20-19:00:40,7/9/20-19:03:14,anonymous,,Hombre,35-44,Centro_de_Quito,2_dias_a_la_semana,menos_de_5_minutos,0.50_cvs,4_dias_a_la_semana,menos_de_5_minutos,de_3_a_4_dolares,Uber;Cabify;Taxi_Amarillo;In_drive;Otra,21_a_30_minutos,menos_de_8,Me_es_indiferente,SI,Tiempo_de_autonomia,0.5_cvs,0.5_cvs,0.15_cvs,Bicicleta;A_pie,Limpieza;Respeto_de_distancias_de_usuarios;Pago_electronico;
124,179,7/9/20-19:02:29,7/9/20-19:03:17,anonymous,,Hombre,25-34,Valle_de_Tumbaco_y_alrededores,5_o_mas_dias_a_la_semana,mas_de_20_minutos,1.00,No_me_movilizo_en_taxi,,,,,,,,,,,,,
125,180,7/9/20-18:59:59,7/9/20-19:03:24,anonymous,,Mujer,18-24,Norte_de_Quito,1_dia_a_la_semana,10-20_minutos,0.50_cvs,1_dia_a_la_semana,5-10_minutos,de_4_a_6_dolares,Uber;Taxi_Amarillo;Cabify;In_drive;Otra,41_a_50_minutos,24-31,Electrico,SI,Tiempo_de_autonomia,0.25_cvs,0.5_cvs,0.10_cvs,Bicicleta;A_pie,Limpieza;Respeto_de_distancias_de_usuarios;Falta_de_gel_hidroalcoholico;
126,181,7/9/20-18:59:57,7/9/20-19:03:38,anonymous,,Hombre,18-24,Norte_de_Quito,No_me_movilizo_en_bus,,,No_me_movilizo_en_taxi,,,,,,,,,,,,,
127,182,7/9/20-19:00:06,7/9/20-19:04:00,anonymous,,Hombre,18-24,Valle_de_Tumbaco_y_alrededores,5_o_mas_dias_a_la_semana,5-10_minutos,1.00,1_dia_a_la_semana,10-20_minutos,menos_de_2,Taxi_Amarillo;Otra;Cabify;Uber;In_drive,menos_de_20_minutos,menos_de_8,Electrico,NO,Velocidad_del_vehiculo,1_dolar,1_dolar,0.25_cvs,A_pie,Limpieza;Respeto_de_distancias_de_usuarios;Falta_de_gel_hidroalcoholico;Pago_electronico;
128,183,7/9/20-19:00:10,7/9/20-19:04:23,anonymous,,Hombre,18-24,Norte_de_Quito,5_o_mas_dias_a_la_semana,5-10_minutos,1.00,1_dia_a_la_semana,5-10_minutos,de_4_a_6_dolares,Uber;Cabify;Taxi_Amarillo;In_drive;Otra,21_a_30_minutos,8-15,Electrico,NO,Velocidad_del_vehiculo,0.75_cvs,1_dolar,0.25_cvs,Bicicleta;Motocicleta,Limpieza;Respeto_de_distancias_de_usuarios;Pago_electronico;
129,184,7/9/20-19:00:07,7/9/20-19:04:26,anonymous,,Hombre,25-34,Centro_de_Quito,5_o_mas_dias_a_la_semana,5-10_minutos,1.00,5_o_mas_dias_a_la_semana,5-10_minutos,de_3_a_4_dolares,Taxi_Amarillo;Otra;In_drive;Cabify;Uber,21_a_30_minutos,8-15,Electrico,SI,Velocidad_del_vehiculo,1.5_dolares,1.5_dolares,0.30_cvs,Bicicleta;A_pie,Limpieza;Respeto_de_distancias_de_usuarios;
130,185,7/9/20-19:00:43,7/9/20-19:04:57,anonymous,,Hombre,18-24,Norte_de_Quito,5_o_mas_dias_a_la_semana,5-10_minutos,0.50_cvs,1_dia_a_la_semana,menos_de_5_minutos,de_3_a_4_dolares,Taxi_Amarillo;Uber;Cabify;Otra;In_drive,menos_de_20_minutos,menos_de_8,Electrico,SI,Tiempo_de_autonomia,1_dolar,1.5_dolares,0.25_cvs,Bicicleta;A_pie,Limpieza;Respeto_de_distancias_de_usuarios;Falta_de_gel_hidroalcoholico;Pago_electronico;
131,186,7/9/20-19:03:12,7/9/20-19:05:28,anonymous,,Hombre,18-24,Norte_de_Quito,5_o_mas_dias_a_la_semana,5-10_minutos,1.25,2_dias_a_la_semana,5-10_minutos,de_4_a_6_dolares,Taxi_Amarillo;Uber;Cabify;In_drive;Otra,31_a_40_minutos,8-15,Electrico,SI,"Confort_(calidad_del_aire,ruido)",0.25_cvs,0.75_cvs,0.15_cvs,A_pie,Limpieza;
132,187,7/10/20-12:50:11,7/10/20-12:50:39,anonymous,,Hombre,18-24,Norte_de_Quito,No_me_movilizo_en_bus,,,No_me_movilizo_en_taxi,,,,,,,,,,,,,
133,188,7/10/20-12:50:22,7/10/20-12:50:47,anonymous,,Hombre,18-24,Norte_de_Quito,2_dias_a_la_semana,10-20_minutos,0.50_cvs,No_me_movilizo_en_taxi,,,,,,,,,,,,,
134,189,7/10/20-12:50:32,7/10/20-12:51:15,anonymous,,Hombre,18-24,Valle_de_Tumbaco_y_alrededores,5_o_mas_dias_a_la_semana,10-20_minutos,1.00,No_me_movilizo_en_taxi,,,,,,,,,,,,,
135,190,7/10/20-12:50:11,7/10/20-12:51:55,anonymous,,Hombre,18-24,Norte_de_Quito,5_o_mas_dias_a_la_semana,5-10_minutos,1.00,No_me_movilizo_en_taxi,,,,,,,,,,,,,
136,191,7/10/20-17:53:22,7/10/20-17:53:45,anonymous,,Hombre,18-24,Norte_de_Quito,No_me_movilizo_en_bus,,,No_me_movilizo_en_taxi,,,,,,,,,,,,,
137,192,7/10/20-17:52:57,7/10/20-17:53:48,anonymous,,Hombre,18-24,Sur_de_Quito,5_o_mas_dias_a_la_semana,10-20_minutos,0.50_cvs,No_me_movilizo_en_taxi,,,,,,,,,,,,,
138,193,7/10/20-17:53:07,7/10/20-17:54:14,anonymous,,Hombre,18-24,Valle_de_los_Chillos__y_alrededores,5_o_mas_dias_a_la_semana,10-20_minutos,mas_de_1.5,No_me_movilizo_en_taxi,,,,,,,,,,,,,
139,194,7/10/20-17:53:54,7/10/20-17:54:16,anonymous,,Mujer,18-24,Valle_de_los_Chillos__y_alrededores,No_me_movilizo_en_bus,,,No_me_movilizo_en_taxi,,,,,,,,,,,,,
140,195,7/10/20-17:53:09,7/10/20-17:54:18,anonymous,,Hombre,18-24,Sur_de_Quito,1_dia_a_la_semana,menos_de_5_minutos,1.00,No_me_movilizo_en_taxi,,,,,,,,,,,,,
141,196,7/10/20-17:53:32,7/10/20-17:54:24,anonymous,,Hombre,25-34,Norte_de_Quito,5_o_mas_dias_a_la_semana,10-20_minutos,0.50_cvs,No_me_movilizo_en_taxi,,,,,,,,,,,,,
142,197,7/10/20-17:53:29,7/10/20-17:54:47,anonymous,,Hombre,18-24,Mitad_del_Mundo_y_alrededores,3_dias_a_la_semana,10-20_minutos,1.00,No_me_movilizo_en_taxi,,,,,,,,,,,,,
143,198,7/10/20-17:52:50,7/10/20-17:55:05,anonymous,,Hombre,18-24,Norte_de_Quito,3_dias_a_la_semana,5-10_minutos,0.50_cvs,No_me_movilizo_en_taxi,,,,,,,,,,,,,
144,199,7/10/20-17:53:23,7/10/20-17:55:41,anonymous,,Hombre,18-24,Valle_de_Tumbaco_y_alrededores,4_dias_a_la_semana,5-10_minutos,mas_de_1.5,No_me_movilizo_en_taxi,,,,,,,,,,,,,
145,200,7/10/20-17:56:17,7/10/20-17:57:17,anonymous,,Hombre,18-24,Valle_de_los_Chillos__y_alrededores,No_me_movilizo_en_bus,,,No_me_movilizo_en_taxi,,,,,,,,,,,,,
146,201,7/10/20-17:54:20,7/10/20-17:57:53,anonymous,,Hombre,18-24,Carapungo-Calderon_y_alrededores,5_o_mas_dias_a_la_semana,mas_de_20_minutos,1.00,1_dia_a_la_semana,menos_de_5_minutos,de_2_a_3_dolares,Uber;Cabify;Taxi_Amarillo;In_drive;Otra,menos_de_20_minutos,8-15,Electrico,NO,Velocidad_del_vehiculo,0.5_cvs,0.5_cvs,0.15_cvs,Bicicleta;A_pie;Motocicleta,Respeto_de_distancias_de_usuarios;
147,202,7/10/20-17:57:26,7/10/20-17:59:11,anonymous,,Hombre,18-24,Norte_de_Quito,5_o_mas_dias_a_la_semana,5-10_minutos,1.00,No_me_movilizo_en_taxi,,,,,,,,,,,,,
148,203,7/10/20-17:52:48,7/10/20-18:01:23,anonymous,,Hombre,25-34,Carapungo-Calderon_y_alrededores,No_me_movilizo_en_bus,,,No_me_movilizo_en_taxi,,,,,,,,,,,,,
149,204,7/10/20-17:57:28,7/10/20-18:04:17,anonymous,,Hombre,18-24,Centro_de_Quito,5_o_mas_dias_a_la_semana,mas_de_20_minutos,1.00,1_dia_a_la_semana,10-20_minutos,de_4_a_6_dolares,In_drive;Uber;Cabify;Taxi_Amarillo;Otra,21_a_30_minutos,8-15,Electrico,NO,Tiempo_de_autonomia,0.5_cvs,0.5_cvs,0.15_cvs,Motocicleta,Limpieza;Respeto_de_distancias_de_usuarios;
150,205,7/10/20-17:52:57,7/10/20-18:05:15,anonymous,,Hombre,25-34,Centro_de_Quito,5_o_mas_dias_a_la_semana,mas_de_20_minutos,1.00,1_dia_a_la_semana,10-20_minutos,de_2_a_3_dolares,Taxi_Amarillo;Uber;Cabify;In_drive;Otra,31_a_40_minutos,8-15,Me_es_indiferente,SI,Tiempo_de_autonomia,0.75_cvs,1_dolar,0.30_cvs,Bicicleta;A_pie,Limpieza;Respeto_de_distancias_de_usuarios;
151,206,7/10/20-18:24:32,7/10/20-18:28:38,anonymous,,Hombre,18-24,Centro_de_Quito,No_me_movilizo_en_bus,,,1_dia_a_la_semana,5-10_minutos,de_3_a_4_dolares,Uber;Cabify;Taxi_Amarillo;Otra;In_drive,21_a_30_minutos,8-15,Electrico,SI,Tiempo_de_autonomia,1.5_dolares,1_dolar,0.25_cvs,A_pie,Limpieza;Respeto_de_distancias_de_usuarios;Pago_electronico;
152,207,7/10/20-17:58:17,7/10/20-18:53:51,anonymous,,Hombre,18-24,Norte_de_Quito,5_o_mas_dias_a_la_semana,5-10_minutos,0.50_cvs,1_dia_a_la_semana,10-20_minutos,de_4_a_6_dolares,Uber;Cabify;In_drive;Otra;Taxi_Amarillo,21_a_30_minutos,menos_de_8,Electrico,SI,Seguridad_del_vehiculo,0.25_cvs,0.75_cvs,0.20_cvs,Bicicleta,Limpieza;Respeto_de_distancias_de_usuarios;Falta_de_gel_hidroalcoholico;
153,208,7/10/20-19:57:12,7/10/20-19:58:17,anonymous,,Mujer,18-24,Mitad_del_Mundo_y_alrededores,5_o_mas_dias_a_la_semana,10-20_minutos,1.00,No_me_movilizo_en_taxi,,,,,,,,,,,,,
154,209,7/10/20-19:56:41,7/10/20-19:58:24,anonymous,,Hombre,18-24,Valle_de_Tumbaco_y_alrededores,5_o_mas_dias_a_la_semana,10-20_minutos,0.50_cvs,No_me_movilizo_en_taxi,,,,,,,,,,,,,
155,210,7/10/20-19:57:44,7/10/20-19:59:48,anonymous,,Hombre,25-34,Sur_de_Quito,5_o_mas_dias_a_la_semana,5-10_minutos,1.00,No_me_movilizo_en_taxi,,,,,,,,,,,,,
156,211,7/10/20-19:58:45,7/10/20-19:59:51,anonymous,,Mujer,18-24,Sur_de_Quito,5_o_mas_dias_a_la_semana,10-20_minutos,0.50_cvs,No_me_movilizo_en_taxi,,,,,,,,,,,,,
157,212,7/10/20-19:56:52,7/10/20-20:02:06,anonymous,,Mujer,18-24,Centro_de_Quito,5_o_mas_dias_a_la_semana,5-10_minutos,1.00,2_dias_a_la_semana,menos_de_5_minutos,de_3_a_4_dolares,Taxi_Amarillo;Uber;In_drive;Cabify;Otra,31_a_40_minutos,24-31,Me_es_indiferente,SI,Velocidad_del_vehiculo,0.75_cvs,0.75_cvs,0.25_cvs,A_pie,Respeto_de_distancias_de_usuarios;
158,213,7/10/20-19:58:18,7/10/20-20:02:25,anonymous,,Hombre,18-24,Norte_de_Quito,5_o_mas_dias_a_la_semana,10-20_minutos,0.50_cvs,1_dia_a_la_semana,menos_de_5_minutos,de_3_a_4_dolares,Taxi_Amarillo;Uber;Cabify;In_drive;Otra,31_a_40_minutos,menos_de_8,Me_es_indiferente,NO,Tiempo_de_autonomia,0.25_cvs,0.75_cvs,0.10_cvs,Bicicleta;A_pie,Limpieza;
159,214,7/10/20-20:03:46,7/10/20-20:03:59,anonymous,,Hombre,18-24,Norte_de_Quito,No_me_movilizo_en_bus,,,No_me_movilizo_en_taxi,,,,,,,,,,,,,
160,215,7/16/20-14:56:56,7/16/20-15:00:08,anonymous,,Mujer,25-34,Norte_de_Quito,5_o_mas_dias_a_la_semana,10-20_minutos,0.50_cvs,2_dias_a_la_semana,5-10_minutos,de_2_a_3_dolares,Taxi_Amarillo;Uber;Cabify;In_drive;Otra,21_a_30_minutos,menos_de_8,Electrico,SI,Seguridad_del_vehiculo,1.5_dolares,1.5_dolares,0.10_cvs,Bicicleta,Respeto_de_distancias_de_usuarios;Falta_de_gel_hidroalcoholico;Pago_electronico;
161,216,7/16/20-14:56:54,7/16/20-15:02:16,anonymous,,Mujer,25-34,Centro_de_Quito,5_o_mas_dias_a_la_semana,5-10_minutos,1.00,2_dias_a_la_semana,menos_de_5_minutos,de_3_a_4_dolares,Uber;Cabify;In_drive;Taxi_Amarillo;Otra,menos_de_20_minutos,menos_de_8,Electrico,SI,"Confort_(calidad_del_aire,ruido)",1_dolar,0.75_cvs,0.30_cvs,Bicicleta;A_pie,Limpieza;Respeto_de_distancias_de_usuarios;Falta_de_gel_hidroalcoholico;Pago_electronico;
162,217,7/16/20-15:08:05,7/16/20-15:09:36,anonymous,,Mujer,25-34,Valle_de_Tumbaco_y_alrededores,5_o_mas_dias_a_la_semana,5-10_minutos,mas_de_1.5,No_me_movilizo_en_taxi,,,,,,,,,,,,,
163,218,7/16/20-15:12:36,7/16/20-15:13:10,anonymous,,Mujer,35-44,Valle_de_los_Chillos__y_alrededores,No_me_movilizo_en_bus,,,No_me_movilizo_en_taxi,,,,,,,,,,,,,
164,219,7/16/20-15:18:48,7/16/20-15:19:53,anonymous,,Mujer,18-24,Norte_de_Quito,No_me_movilizo_en_bus,,,No_me_movilizo_en_taxi,,,,,,,,,,,,,
165,220,7/16/20-15:16:43,7/16/20-15:20:35,anonymous,,Mujer,25-34,Centro_de_Quito,No_me_movilizo_en_bus,,,5_o_mas_dias_a_la_semana,5-10_minutos,menos_de_2,Taxi_Amarillo;Uber;Otra;Cabify;In_drive,menos_de_20_minutos,menos_de_8,Electrico,SI,Seguridad_del_vehiculo,1_dolar,1_dolar,0.25_cvs,A_pie,Limpieza;
166,221,7/16/20-15:21:08,7/16/20-15:22:10,anonymous,,Mujer,35-44,Sur_de_Quito,No_me_movilizo_en_bus,,,No_me_movilizo_en_taxi,,,,,,,,,,,,,
167,222,7/16/20-15:19:52,7/16/20-15:23:37,anonymous,,Mujer,45-54,Centro_de_Quito,5_o_mas_dias_a_la_semana,5-10_minutos,0.50_cvs,3_dias_a_la_semana,5-10_minutos,de_4_a_6_dolares,Cabify;Taxi_Amarillo;Otra;In_drive;Uber,menos_de_20_minutos,menos_de_8,Electrico,SI,"Confort_(calidad_del_aire,ruido)",0.5_cvs,0.5_cvs,0.20_cvs,Motocicleta,Pago_electronico;
168,223,7/16/20-15:20:07,7/16/20-15:23:43,anonymous,,Mujer,18-24,Norte_de_Quito,5_o_mas_dias_a_la_semana,5-10_minutos,0.50_cvs,4_dias_a_la_semana,menos_de_5_minutos,menos_de_2,Uber;Cabify;Taxi_Amarillo;In_drive;Otra,menos_de_20_minutos,menos_de_8,Me_es_indiferente,NO,Seguridad_del_vehiculo,0.75_cvs,0.75_cvs,0.25_cvs,A_pie;Monopatin,Limpieza;Respeto_de_distancias_de_usuarios;
169,224,7/16/20-15:23:47,7/16/20-15:27:31,anonymous,,Mujer,25-34,Norte_de_Quito,5_o_mas_dias_a_la_semana,mas_de_20_minutos,1.00,2_dias_a_la_semana,5-10_minutos,de_2_a_3_dolares,Uber;Taxi_Amarillo;Otra;Cabify;In_drive,21_a_30_minutos,8-15,Electrico,SI,Tiempo_de_autonomia,0.25_cvs,0.5_cvs,0.25_cvs,A_pie,Limpieza;Respeto_de_distancias_de_usuarios;Pago_electronico;
170,225,7/16/20-15:23:09,7/16/20-15:28:23,anonymous,,Mujer,18-24,Norte_de_Quito,No_me_movilizo_en_bus,,,5_o_mas_dias_a_la_semana,10-20_minutos,de_4_a_6_dolares,Uber;Taxi_Amarillo;Cabify;In_drive;Otra,21_a_30_minutos,8-15,Me_es_indiferente,NO,"Confort_(calidad_del_aire,ruido)",1_dolar,1_dolar,0.30_cvs,A_pie,Pago_electronico;
171,226,7/16/20-15:28:33,7/16/20-15:29:33,anonymous,,Mujer,18-24,Valle_de_los_Chillos__y_alrededores,5_o_mas_dias_a_la_semana,5-10_minutos,mas_de_1.5,No_me_movilizo_en_taxi,,,,,,,,,,,,,
172,227,7/16/20-15:29:38,7/16/20-15:30:07,anonymous,,Hombre,18-24,Valle_de_los_Chillos__y_alrededores,No_me_movilizo_en_bus,,,No_me_movilizo_en_taxi,,,,,,,,,,,,,
173,228,7/16/20-15:36:44,7/16/20-15:40:09,anonymous,,Mujer,25-34,Valle_de_los_Chillos__y_alrededores,2_dias_a_la_semana,5-10_minutos,0.50_cvs,2_dias_a_la_semana,menos_de_5_minutos,menos_de_2,Uber;Taxi_Amarillo;Cabify;In_drive;Otra,menos_de_20_minutos,menos_de_8,Electrico,SI,Tiempo_de_autonomia,0.5_cvs,1_dolar,0.25_cvs,A_pie;Motocicleta,Limpieza;Respeto_de_distancias_de_usuarios;Pago_electronico;
174,229,7/16/20-15:51:38,7/16/20-15:54:44,anonymous,,Mujer,18-24,Norte_de_Quito,2_dias_a_la_semana,5-10_minutos,0.50_cvs,2_dias_a_la_semana,menos_de_5_minutos,de_4_a_6_dolares,Taxi_Amarillo;Uber;Cabify;Otra;In_drive,21_a_30_minutos,8-15,Electrico,SI,"Confort_(calidad_del_aire,ruido)",1_dolar,1_dolar,0.25_cvs,Bicicleta,Limpieza;Respeto_de_distancias_de_usuarios;Falta_de_gel_hidroalcoholico;
175,230,7/16/20-15:55:13,7/16/20-15:55:37,anonymous,,Mujer,18-24,Valle_de_los_Chillos__y_alrededores,No_me_movilizo_en_bus,,,No_me_movilizo_en_taxi,,,,,,,,,,,,,
176,231,7/16/20-15:55:39,7/16/20-15:56:26,anonymous,,Mujer,25-34,Valle_de_Tumbaco_y_alrededores,No_me_movilizo_en_bus,,,No_me_movilizo_en_taxi,,,,,,,,,,,,,
177,232,7/16/20-16:00:04,7/16/20-16:01:23,anonymous,,Mujer,18-24,Centro_de_Quito,No_me_movilizo_en_bus,,,No_me_movilizo_en_taxi,,,,,,,,,,,,,
178,233,7/16/20-15:58:24,7/16/20-16:01:42,anonymous,,Mujer,35-44,Valle_de_los_Chillos__y_alrededores,No_me_movilizo_en_bus,,,1_dia_a_la_semana,10-20_minutos,de_3_a_4_dolares,Cabify;Uber;Taxi_Amarillo;In_drive;Otra,21_a_30_minutos,16-23,Electrico,SI,Velocidad_del_vehiculo,1.5_dolares,1.5_dolares,0.30_cvs,Bicicleta;A_pie;Motocicleta,Limpieza;Respeto_de_distancias_de_usuarios;Falta_de_gel_hidroalcoholico;Pago_electronico;
179,234,7/16/20-16:01:49,7/16/20-16:02:09,anonymous,,Mujer,18-24,Valle_de_los_Chillos__y_alrededores,No_me_movilizo_en_bus,,,No_me_movilizo_en_taxi,,,,,,,,,,,,,
180,235,7/16/20-16:00:37,7/16/20-16:03:38,anonymous,,Mujer,25-34,Valle_de_Tumbaco_y_alrededores,No_me_movilizo_en_bus,,,1_dia_a_la_semana,5-10_minutos,de_3_a_4_dolares,Cabify;Uber;Otra;In_drive;Taxi_Amarillo,31_a_40_minutos,8-15,Electrico,SI,Seguridad_del_vehiculo,1.5_dolares,1.5_dolares,0.30_cvs,Monopatin,Limpieza;Pago_electronico;
181,236,7/16/20-16:12:07,7/16/20-16:14:29,anonymous,,Mujer,18-24,Norte_de_Quito,3_dias_a_la_semana,10-20_minutos,1.5,2_dias_a_la_semana,5-10_minutos,de_3_a_4_dolares,Taxi_Amarillo;Cabify;Uber;In_drive;Otra,31_a_40_minutos,32-39,Electrico,SI,Seguridad_del_vehiculo,0.75_cvs,1_dolar,0.25_cvs,Bicicleta;A_pie,Limpieza;Respeto_de_distancias_de_usuarios;
182,237,7/16/20-16:17:17,7/16/20-16:19:52,anonymous,,Hombre,18-24,Norte_de_Quito,No_me_movilizo_en_bus,,,2_dias_a_la_semana,menos_de_5_minutos,menos_de_2,Uber;Taxi_Amarillo;Cabify;In_drive;Otra,Mas_de_50_minutos,32-39,Me_es_indiferente,NO,Tiempo_de_autonomia,0.5_cvs,0.5_cvs,0.10_cvs,Bicicleta,Respeto_de_distancias_de_usuarios;
183,238,7/16/20-16:33:25,7/16/20-16:33:57,anonymous,,Mujer,18-24,Norte_de_Quito,No_me_movilizo_en_bus,,,No_me_movilizo_en_taxi,,,,,,,,,,,,,
184,239,7/16/20-16:35:37,7/16/20-16:37:18,anonymous,,Mujer,18-24,Norte_de_Quito,5_o_mas_dias_a_la_semana,5-10_minutos,1.00,No_me_movilizo_en_taxi,,,,,,,,,,,,,
185,240,7/16/20-17:17:18,7/16/20-17:17:36,anonymous,,Mujer,18-24,Norte_de_Quito,No_me_movilizo_en_bus,,,No_me_movilizo_en_taxi,,,,,,,,,,,,,
186,241,7/16/20-18:06:03,7/16/20-18:07:28,anonymous,,Mujer,35-44,Valle_de_los_Chillos__y_alrededores,No_me_movilizo_en_bus,,,No_me_movilizo_en_taxi,,,,,,,,,,,,,
187,242,7/16/20-19:35:01,7/16/20-19:36:22,anonymous,,Mujer,25-34,Valle_de_los_Chillos__y_alrededores,1_dia_a_la_semana,5-10_minutos,mas_de_1.5,1_dia_a_la_semana,10-20_minutos,de_3_a_4_dolares,Uber;Cabify;Taxi_Amarillo;In_drive;Otra,menos_de_20_minutos,8-15,Electrico,SI,Velocidad_del_vehiculo,1_dolar,1_dolar,0.30_cvs,Motocicleta,Limpieza;Respeto_de_distancias_de_usuarios;Falta_de_gel_hidroalcoholico;Pago_electronico;
188,243,7/16/20-20:05:21,7/16/20-20:06:08,anonymous,,Mujer,25-34,Norte_de_Quito,No_me_movilizo_en_bus,,,No_me_movilizo_en_taxi,,,,,,,,,,,,,
189,244,7/16/20-20:13:51,7/16/20-20:16:56,anonymous,,Mujer,25-34,Norte_de_Quito,5_o_mas_dias_a_la_semana,10-20_minutos,0.50_cvs,1_dia_a_la_semana,5-10_minutos,de_3_a_4_dolares,Taxi_Amarillo;Cabify;Uber;Otra;In_drive,21_a_30_minutos,8-15,Me_es_indiferente,SI,Tiempo_de_autonomia,1.5_dolares,1.5_dolares,0.30_cvs,Bicicleta,Limpieza;Respeto_de_distancias_de_usuarios;Falta_de_gel_hidroalcoholico;Pago_electronico;
190,245,7/16/20-20:17:12,7/16/20-20:18:05,anonymous,,Mujer,35-44,Carapungo-Calderon_y_alrededores,5_o_mas_dias_a_la_semana,5-10_minutos,0.50_cvs,No_me_movilizo_en_taxi,,,,,,,,,,,,,
191,246,7/16/20-21:02:43,7/16/20-21:03:16,anonymous,,Mujer,25-34,Valle_de_Tumbaco_y_alrededores,No_me_movilizo_en_bus,,,No_me_movilizo_en_taxi,,,,,,,,,,,,,
192,247,7/16/20-23:09:08,7/16/20-23:11:55,anonymous,,Mujer,25-34,Valle_de_los_Chillos__y_alrededores,No_me_movilizo_en_bus,,,No_me_movilizo_en_taxi,,,,,,,,,,,,,
193,248,7/17/20-1:47:56,7/17/20-1:48:11,anonymous,,Mujer,18-24,Valle_de_Tumbaco_y_alrededores,No_me_movilizo_en_bus,,,No_me_movilizo_en_taxi,,,,,,,,,,,,,
194,249,1/18/21-16:13:45,1/18/21-16:16:30,anonymous,,Mujer,25-34,Norte_de_Quito,No_me_movilizo_en_bus,,,1_dia_a_la_semana,5-10_minutos,de_6_a_8_dolares,Uber;Taxi_Amarillo;Cabify;In_drive;Otra,21_a_30_minutos,8-15,Me_es_indiferente,SI,Tiempo_de_autonomia,0.25_cvs,0.5_cvs,0.20_cvs,Bicicleta;Motocicleta,Limpieza;Respeto_de_distancias_de_usuarios;Falta_de_gel_hidroalcoholico;
195,250,1/18/21-16:54:06,1/18/21-16:57:04,anonymous,,Mujer,25-34,Valle_de_los_Chillos__y_alrededores,No_me_movilizo_en_bus,,,3_dias_a_la_semana,5-10_minutos,Mas_de_8,Uber;Cabify;Taxi_Amarillo;Otra;In_drive,31_a_40_minutos,24-31,Electrico,SI,Tiempo_de_autonomia,0.75_cvs,0.75_cvs,0.25_cvs,A_pie;Bicicleta,Respeto_de_distancias_de_usuarios;
196,251,1/18/21-17:32:49,1/18/21-17:33:04,anonymous,,Mujer,25-34,Valle_de_los_Chillos__y_alrededores,No_me_movilizo_en_bus,,,No_me_movilizo_en_taxi,,,,,,,,,,,,,
197,252,1/18/21-20:51:03,1/18/21-20:54:32,anonymous,,Mujer,35-44,Valle_de_Tumbaco_y_alrededores,No_me_movilizo_en_bus,,,1_dia_a_la_semana,5-10_minutos,de_4_a_6_dolares,Uber;Taxi_Amarillo;Cabify;In_drive;Otra,21_a_30_minutos,16-23,Electrico,NO,Velocidad_del_vehiculo,0.25_cvs,0.5_cvs,0.10_cvs,Motocicleta,Limpieza;
198,253,2/1/21-15:51:02,2/1/21-15:51:28,anonymous,,Mujer,35-44,Sur_de_Quito,No_me_movilizo_en_bus,,,No_me_movilizo_en_taxi,,,,,,,,,,,,,
199,254,2/1/21-16:19:32,2/1/21-16:20:18,anonymous,,Hombre,25-34,Sur_de_Quito,2_dias_a_la_semana,5-10_minutos,1.00,No_me_movilizo_en_taxi,,,,,,,,,,,,,
200,255,2/1/21-16:21:10,2/1/21-16:24:19,anonymous,,Mujer,35-44,Norte_de_Quito,No_me_movilizo_en_bus,,,2_dias_a_la_semana,5-10_minutos,menos_de_2,Uber;Taxi_Amarillo;Cabify;In_drive;Otra,21_a_30_minutos,8-15,Electrico,SI,Tiempo_de_autonomia,0.25_cvs,0.5_cvs,0.25_cvs,Bicicleta,Limpieza;Respeto_de_distancias_de_usuarios;Falta_de_gel_hidroalcoholico;
201,256,2/1/21-17:10:38,2/1/21-17:15:02,anonymous,,Hombre,35-44,Centro_de_Quito,No_me_movilizo_en_bus,,,1_dia_a_la_semana,10-20_minutos,de_2_a_3_dolares,Taxi_Amarillo;Uber;Cabify;In_drive;Otra,21_a_30_minutos,8-15,Electrico,NO,Tiempo_de_autonomia,0.25_cvs,0.5_cvs,0.10_cvs,Bicicleta;Monopatin,Respeto_de_distancias_de_usuarios;Limpieza;Falta_de_gel_hidroalcoholico;Pago_electronico;
202,257,2/1/21-18:07:15,2/1/21-18:12:55,anonymous,,Hombre,45-54,Valle_de_Tumbaco_y_alrededores,No_me_movilizo_en_bus,,,1_dia_a_la_semana,menos_de_5_minutos,de_3_a_4_dolares,Taxi_Amarillo;Uber;Cabify;In_drive;Otra,21_a_30_minutos,16-23,Electrico,SI,Tiempo_de_autonomia,0.5_cvs,1_dolar,0.30_cvs,Bicicleta,Respeto_de_distancias_de_usuarios;
203,258,2/2/21-10:41:49,2/2/21-10:44:13,anonymous,,Mujer,45-54,Norte_de_Quito,2_dias_a_la_semana,5-10_minutos,1.25,3_dias_a_la_semana,5-10_minutos,de_2_a_3_dolares,Uber;Cabify;Taxi_Amarillo;In_drive;Otra,menos_de_20_minutos,8-15,Combustible_fosil,NO,Tiempo_de_autonomia,0.25_cvs,0.5_cvs,0.10_cvs,A_pie,Limpieza;
204,259,2/2/21-11:10:29,2/2/21-11:12:18,anonymous,,Mujer,35-44,Norte_de_Quito,No_me_movilizo_en_bus,,,1_dia_a_la_semana,5-10_minutos,de_2_a_3_dolares,Uber;Cabify;Taxi_Amarillo;In_drive;Otra,menos_de_20_minutos,menos_de_8,Electrico,SI,Tiempo_de_autonomia,0.5_cvs,0.75_cvs,0.30_cvs,A_pie;Bicicleta,Respeto_de_distancias_de_usuarios;Limpieza;Pago_electronico;Falta_de_gel_hidroalcoholico;
205,260,2/2/21-11:14:12,2/2/21-11:17:28,anonymous,,Mujer,45-54,Norte_de_Quito,2_dias_a_la_semana,5-10_minutos,1.25,3_dias_a_la_semana,5-10_minutos,de_2_a_3_dolares,Cabify;Taxi_Amarillo;In_drive;Uber;Otra,menos_de_20_minutos,menos_de_8,Electrico,SI,Tiempo_de_autonomia,1_dolar,1.5_dolares,0.30_cvs,A_pie,Limpieza;Respeto_de_distancias_de_usuarios;
206,261,2/2/21-11:14:25,2/2/21-11:18:20,anonymous,,Mujer,25-34,Norte_de_Quito,No_me_movilizo_en_bus,,,1_dia_a_la_semana,5-10_minutos,de_2_a_3_dolares,Uber;Taxi_Amarillo;In_drive;Cabify;Otra,menos_de_20_minutos,menos_de_8,Electrico,SI,Tiempo_de_autonomia,1_dolar,1_dolar,0.25_cvs,A_pie,Respeto_de_distancias_de_usuarios;
207,262,2/2/21-11:44:38,2/2/21-11:47:11,anonymous,,Mujer,35-44,Norte_de_Quito,No_me_movilizo_en_bus,,,1_dia_a_la_semana,menos_de_5_minutos,menos_de_2,Taxi_Amarillo;Uber;Cabify;In_drive;Otra,menos_de_20_minutos,menos_de_8,Electrico,SI,Seguridad_del_vehiculo,0.25_cvs,0.5_cvs,0.25_cvs,A_pie,Pago_electronico;Respeto_de_distancias_de_usuarios;Limpieza;
208,263,2/2/21-11:54:47,2/2/21-11:55:11,anonymous,,Mujer,35-44,Norte_de_Quito,No_me_movilizo_en_bus,,,No_me_movilizo_en_taxi,,,,,,,,,,,,,
209,264,2/2/21-11:53:45,2/2/21-11:55:59,anonymous,,Mujer,25-34,Norte_de_Quito,No_me_movilizo_en_bus,,,2_dias_a_la_semana,menos_de_5_minutos,de_2_a_3_dolares,Cabify;Taxi_Amarillo;Uber;In_drive;Otra,menos_de_20_minutos,menos_de_8,Electrico,SI,Tiempo_de_autonomia,1.5_dolares,1.5_dolares,0.30_cvs,Bicicleta;A_pie;Motocicleta;Monopatin,Limpieza;Respeto_de_distancias_de_usuarios;Pago_electronico;
210,265,2/2/21-11:56:42,2/2/21-11:57:21,anonymous,,Mujer,25-34,Norte_de_Quito,No_me_movilizo_en_bus,,,No_me_movilizo_en_taxi,,,,,,,,,,,,,
211,266,2/2/21-11:57:10,2/2/21-11:59:14,anonymous,,Mujer,35-44,Norte_de_Quito,No_me_movilizo_en_bus,,,1_dia_a_la_semana,menos_de_5_minutos,de_2_a_3_dolares,Taxi_Amarillo;Otra;Cabify;Uber;In_drive,21_a_30_minutos,menos_de_8,Electrico,SI,"Confort_(calidad_del_aire,ruido)",0.75_cvs,1_dolar,0.30_cvs,Bicicleta,Respeto_de_distancias_de_usuarios;Falta_de_gel_hidroalcoholico;Pago_electronico;
212,267,2/2/21-11:58:03,2/2/21-12:08:53,anonymous,,Mujer,35-44,Norte_de_Quito,No_me_movilizo_en_bus,,,No_me_movilizo_en_taxi,,,,,,,,,,,,,
213,268,2/2/21-12:20:26,2/2/21-12:22:32,anonymous,,Mujer,35-44,Valle_de_los_Chillos__y_alrededores,No_me_movilizo_en_bus,,,No_me_movilizo_en_taxi,,,,,,,,,,,,,
214,269,2/2/21-14:49:21,2/2/21-14:49:42,anonymous,,Mujer,35-44,Norte_de_Quito,No_me_movilizo_en_bus,,,No_me_movilizo_en_taxi,,,,,,,,,,,,,
215,270,2/2/21-17:01:58,2/2/21-17:07:24,anonymous,,Mujer,25-34,Valle_de_los_Chillos__y_alrededores,3_dias_a_la_semana,menos_de_5_minutos,1.25,1_dia_a_la_semana,5-10_minutos,menos_de_2,Taxi_Amarillo;Uber;Cabify;In_drive;Otra,Mas_de_50_minutos,32-39,Electrico,SI,Tiempo_de_autonomia,0.5_cvs,0.75_cvs,0.20_cvs,Bicicleta,Respeto_de_distancias_de_usuarios;
216,271,2/2/21-15:31:33,2/2/21-19:42:24,anonymous,,Mujer,35-44,Norte_de_Quito,No_me_movilizo_en_bus,,,1_dia_a_la_semana,menos_de_5_minutos,de_3_a_4_dolares,Uber;Taxi_Amarillo;Cabify;In_drive;Otra,menos_de_20_minutos,8-15,Combustible_fosil,NO,Tiempo_de_autonomia,0.25_cvs,0.5_cvs,0.25_cvs,Monopatin,Limpieza;Pago_electronico;
